{
  "rain": {
    "anom_std": 9.93061637878418,
    "anom_mean": -0.00013324894825927913,
    "clim_max": 88.10841138796287
  },
  "tmax": {
    "anom_std": 2.025675058364868,
    "anom_mean": -0.0015137754380702972,
    "clim_max": 42.7275406447867
  },
  "tmin": {
    "anom_std": 1.5957962274551392,
    "anom_mean": -0.0015430338680744171,
    "clim_max": 28.352555523540143
  }
}