{
  "ai": {
    "rain": {
      "rmse": [
        9.946657790586457,
        10.482926392770157,
        10.574860556821521,
        10.59320810467044,
        10.631735725505544,
        10.64035901662388,
        10.641014186034012,
        10.654366387244366,
        10.634522313558609,
        10.612656880618431
      ],
      "mae": [
        3.16109805191379,
        3.3809026329945464,
        3.4719027806866802,
        3.516746883917965,
        3.5016814917825054,
        3.4805450736346106,
        3.4943874742479992,
        3.514448601972778,
        3.556144358519961,
        3.555951430973228
      ],
      "acc": [
        0.39869456441829687,
        0.2530825566429216,
        0.20740537868633457,
        0.19004245559402286,
        0.18151015661901285,
        0.17610268751198527,
        0.16988110622776498,
        0.1628428425587932,
        0.1595400172819868,
        0.15994527511036385
      ],
      "skill_vs_persistence": [
        0.16474083905150438,
        0.22061433832737531,
        0.2433836754469585,
        0.2541590239568622,
        0.2595756142843979,
        0.2632523486664917,
        0.2655496710276395,
        0.2701957220011064,
        0.2744958766278125,
        0.2760745045898124
      ],
      "skill_vs_poa": [
        0.006094339768958901,
        -0.008959438355385485,
        -0.015079269171940801,
        -0.01573827029086461,
        -0.018107633292691716,
        -0.018230222122369133,
        -0.017848262705644213,
        -0.019041377303642193,
        -0.017069775953023836,
        -0.015019567175348136
      ]
    },
    "tmax": {
      "rmse": [
        1.2032704197925275,
        1.6052182403267161,
        1.8135936343385985,
        1.9251846445341578,
        1.9939923997071185,
        2.0314564683462812,
        2.0530229174508547,
        2.0712652722009084,
        2.086090609051254,
        2.097669227537142
      ],
      "mae": [
        0.818993663146847,
        1.1426729703645444,
        1.315103603392237,
        1.4091421026298234,
        1.4653870207147903,
        1.498324674400308,
        1.5200656332206266,
        1.5333988893668988,
        1.5450588562199026,
        1.5559050054714207
      ],
      "acc": [
        0.7590424908379522,
        0.5756965378524567,
        0.4515481983136293,
        0.37336899391422257,
        0.3185968436706303,
        0.28804626411806794,
        0.27190327882122056,
        0.2535543945168238,
        0.23636233810112825,
        0.22139363248118213
      ],
      "skill_vs_persistence": [
        0.06164065203337765,
        0.11309348572711375,
        0.1513960796776509,
        0.17984334100329435,
        0.20240431333168574,
        0.21827101506990576,
        0.2334709910483279,
        0.24618591792222133,
        0.25707011855429085,
        0.2694141103280252
      ],
      "skill_vs_poa": [
        0.01619622775171814,
        0.01978947183032187,
        0.01856120038601672,
        0.016780082652638972,
        0.014795489288464414,
        0.013652563535274997,
        0.014950405349835716,
        0.015006210476412485,
        0.014588710294517915,
        0.0148576295884979
      ]
    },
    "tmin": {
      "rmse": [
        0.8384961993498463,
        1.1236013494958226,
        1.301408053191034,
        1.4104050395960628,
        1.4744759639043916,
        1.5197786968691378,
        1.5514911316608435,
        1.5688090789869151,
        1.5819124419053303,
        1.5865100085437058
      ],
      "mae": [
        0.5894002974199539,
        0.81097694039958,
        0.9460276916968199,
        1.0300817534105378,
        1.0792449192025044,
        1.1157263284909784,
        1.141176416991721,
        1.154752504122546,
        1.1682312917466737,
        1.1749254317203774
      ],
      "acc": [
        0.7615345303664982,
        0.6004648199005943,
        0.4832701176165884,
        0.4090262764129934,
        0.3656393755150354,
        0.33687528560279567,
        0.312851059176868,
        0.29626172748652385,
        0.2778602228736665,
        0.26656601333600133
      ],
      "skill_vs_persistence": [
        0.14187708593004256,
        0.18488643925752413,
        0.20559462643375925,
        0.22077921611823326,
        0.23357843616252139,
        0.2405169305011472,
        0.24811501569579986,
        0.2587078490668415,
        0.2694715733403328,
        0.28416168300080336
      ],
      "skill_vs_poa": [
        0.10127215289649305,
        0.10114061153563592,
        0.08282614472107952,
        0.06608879709380344,
        0.05490619047387524,
        0.04365578062026565,
        0.03635756250523636,
        0.034520438573462986,
        0.03288449396289639,
        0.03485533026148768
      ]
    }
  },
  "poa": {
    "rain": {
      "rmse": [
        10.007647796546685,
        10.389839268323252,
        10.417768225577152,
        10.429072542119528,
        10.442644154548901,
        10.449855823809106,
        10.454420934755117,
        10.455283391372735,
        10.456040052506479,
        10.455618023356843
      ],
      "mae": [
        3.6268727952621167,
        3.928909718378367,
        3.9881135491241904,
        4.0004229437981635,
        4.0055790928826625,
        4.006566369810423,
        4.008471229306742,
        4.0082110929205585,
        4.007993585987159,
        4.007238334168598
      ],
      "acc": [
        0.3542080592162521,
        0.20518830239676117,
        0.14814869558533347,
        0.12348689881496186,
        0.10468660538322926,
        0.09463935328936714,
        0.08426471004400755,
        0.08298452854402527,
        0.0805111854649244,
        0.08560465055547455
      ]
    },
    "tmax": {
      "rmse": [
        1.2230796971256774,
        1.6376259937996165,
        1.8478927418112225,
        1.958040729817733,
        2.0239375459893245,
        2.0595749461543136,
        2.0841822874715015,
        2.102820641338986,
        2.1169745372764512,
        2.1293056623490147
      ],
      "mae": [
        0.8479806337596462,
        1.1855266671529445,
        1.3580555178450195,
        1.4516484375220513,
        1.5069154035764174,
        1.5379024303403237,
        1.5581346660787323,
        1.5717331978508442,
        1.5812057798898238,
        1.58999635111187
      ],
      "acc": [
        0.7572228643450186,
        0.5643315912265913,
        0.4332631071561564,
        0.3500700798278165,
        0.2891565306141175,
        0.2548440974176959,
        0.2350515690271852,
        0.2204998640866283,
        0.21040522778794696,
        0.19759313346549415
      ]
    },
    "tmin": {
      "rmse": [
        0.9329812156730427,
        1.2500301648018761,
        1.4189327854262315,
        1.5102132142832063,
        1.560137151510602,
        1.589154476047166,
        1.6100278187149413,
        1.6249013875228318,
        1.6357016633798445,
        1.6438053882362949
      ],
      "mae": [
        0.656366721365359,
        0.9039098250396456,
        1.0396998666326052,
        1.114733198102146,
        1.1566652986391428,
        1.1818079287801135,
        1.2002817955606322,
        1.214621125633919,
        1.2256468703162993,
        1.234813691519663
      ],
      "acc": [
        0.7249127322946542,
        0.5409498301183281,
        0.42245002499968126,
        0.3467931988560653,
        0.3029156810376062,
        0.28387960986099575,
        0.27196381745402765,
        0.2622215651570976,
        0.2513140822794229,
        0.23990623539318817
      ]
    }
  },
  "persistence": {
    "rain": {
      "rmse": [
        11.908468958653893,
        13.450242810822242,
        13.976516516569273,
        14.203038509455334,
        14.35897565047136,
        14.442338563774042,
        14.488405500373142,
        14.598936603192286,
        14.658114228391563,
        14.659874459325586
      ],