{"train": [0.27330168264193666, 0.2684465797824992, 0.26631718553188777, 0.2652014419436455, 0.26340671111312175, 0.26269179955124855, 0.2620475334632728, 0.26132194563332534, 0.2601053926886784, 0.25968381814244723, 0.258419375659691, 0.25738804083731437, 0.25626243299080265, 0.25528631100638044, 0.25409352706952226, 0.2539040740165446, 0.2517226717124383, 0.2504313773372107, 0.24867986732472977, 0.24684264117644894, 0.24455455845842758], "val": [0.30871407622876373, 0.30678381673667743, 0.30662238597869873, 0.30439856259719184, 0.3055450631224591, 0.3026500279488771, 0.3041173219680786, 0.3020397968914198, 0.3003790605327357, 0.30499132949373, 0.3016978741987892, 0.3023873703635257, 0.3027743178865184, 0.301749714690706, 0.3053031097287717, 0.304516253264054, 0.30403978604337445, 0.3079258313645487, 0.3119917816441992, 0.306605712875076, 0.30768239757289056]}